# NOvA 2024 FD numu CC sample (FHC, 2.661e+21 POT), all quartiles combined.
# Reconstructed neutrino energy bins [GeV]; counts are events per bin.
# Predictions at the NOvA 2024 best fit (and with no oscillations), from NOvA_2024_prediction_with_systs_histograms.root.
# E_lo,E_hi,data,osc_total,osc_signal,osc_beam_bkg,noosc_total,noosc_signal,noosc_beam_bkg,cosmic_bkg
0,0.75,1,3.68206,3.38844,0.137668,5.27472,4.9834,0.135357,0.155959
0.75,0.875,4,6.31366,5.98711,0.175072,7.48947,7.16852,0.169471,0.151481
0.875,1,5,7.90268,7.40371,0.259571,12.5107,12.0192,0.252045,0.239394
1,1.1,3,6.20028,5.67662,0.27665,15.445,14.9349,0.263157,0.247018
1.1,1.2,2,5.64598,5.03276,0.339507,23.1216,22.5233,0.324579,0.273716
1.2,1.3,7,4.63665,3.98377,0.371084,34.5073,33.8759,0.349571,0.281793
1.3,1.4,3,4.06712,3.38761,0.400977,54.4389,53.7884,0.371903,0.278536
1.4,1.5,4,4.07344,3.39544,0.408537,88.7565,88.1137,0.373405,0.269466
1.5,1.6,7,5.40349,4.7252,0.419483,140.104,139.474,0.371196,0.258811
1.6,1.7,7,8.53373,7.90031,0.381426,195.924,195.346,0.326091,0.251997
1.7,1.8,11,13.7078,13.0835,0.37889,239.571,239.003,0.322492,0.245408
1.8,1.9,26,20.0514,19.4898,0.33111,261.827,261.323,0.273725,0.230521
1.9,2,22,25.9386,25.4275,0.302054,257.358,256.906,0.243261,0.209101
2,2.125,35,37.1501,36.6015,0.31583,280.747,280.266,0.248931,0.232724
2.125,2.25,39,36.6224,36.1619,0.260005,212.871,212.466,0.204838,0.200541
2.25,2.375,25,32.211,31.8329,0.217051,149.738,149.407,0.169902,0.161066
2.375,2.5,26,26.7741,26.4653,0.185966,102.736,102.471,0.14226,0.122792
2.5,2.75,45,39.1141,38.6586,0.282427,120.389,120.001,0.214922,0.173151
2.75,3,32,25.4775,25.1306,0.223764,62.3059,62.0167,0.16607,0.123147
3,3.5,25,31.8103,31.3589,0.315465,62.4255,62.0716,0.217965,0.135881
3.5,4,20,23.7103,23.3991,0.247383,38.2085,37.9856,0.1591,0.0638274
4,5,35,39.6048,39.1285,0.400679,54.8777,54.5487,0.253352,0.0755836
