# NOvA 2024 FD numu CC sample (RHC, 1.25e+21 POT), all quartiles combined.
# Reconstructed neutrino energy bins [GeV]; counts are events per bin.
# Predictions at the NOvA 2024 best fit (and with no oscillations), from NOvA_2024_prediction_with_systs_histograms.root.
# E_lo,E_hi,data,osc_total,osc_signal,osc_beam_bkg,noosc_total,noosc_signal,noosc_beam_bkg,cosmic_bkg
0,0.75,2,0.878826,0.820003,0.0276029,1.25844,1.19976,0.0274692,0.0312203
0.75,0.875,0,1.62222,1.56684,0.0303154,1.84372,1.78868,0.0299754,0.0250614
0.875,1,5,2.00313,1.92464,0.0423195,2.91331,2.83607,0.0410765,0.0361622
1,1.1,1,1.57395,1.4977,0.0406281,3.44173,3.36651,0.0396042,0.0356189
1.1,1.2,2,1.33991,1.25853,0.0418268,4.7993,4.71958,0.0401627,0.0395566
1.2,1.3,0,1.0619,0.973333,0.0463472,6.93547,6.8489,0.0443544,0.04222
1.3,1.4,2,0.794067,0.698312,0.0513404,10.1939,10.1011,0.0484209,0.0444143
1.4,1.5,2,0.661342,0.566426,0.0490006,15.8826,15.7913,0.0454114,0.0459156
1.5,1.6,0,0.783133,0.688208,0.0492417,25.0798,24.9881,0.0460802,0.0456829
1.6,1.7,0,1.27668,1.18501,0.0485159,35.0038,34.916,0.0446371,0.0431541
1.7,1.8,6,2.24783,2.16394,0.0449233,44.2172,44.1383,0.0399415,0.0389705
1.8,1.9,5,3.59016,3.51395,0.0418933,50.2216,50.1504,0.0369643,0.0343249
1.9,2,5,4.94014,4.87025,0.0399299,50.9609,50.8968,0.0341458,0.0299595
2,2.125,7,7.42431,7.35003,0.0422776,57.0758,57.0076,0.036204,0.0320027
2.125,2.25,5,7.71861,7.65232,0.0395096,45.0956,45.0352,0.0336307,0.0267857
2.25,2.375,10,7.01233,6.95665,0.0333162,32.5471,32.4972,0.0275667,0.0223704
2.375,2.5,4,6.01568,5.96788,0.0292403,22.9312,22.8884,0.0242008,0.0185608
2.5,2.75,6,9.30567,9.22758,0.0499812,28.4134,28.3454,0.0398332,0.028109
2.75,3,7,6.73174,6.6736,0.0379261,16.3774,16.3276,0.0295178,0.0202169
3,3.5,10,9.5193,9.43303,0.059705,18.6517,18.5811,0.0440326,0.0265668
3.5,4,8,7.82159,7.75985,0.0455926,12.6741,12.6249,0.0330534,0.0161511
4,5,19,13.3685,13.2783,0.0712074,18.6554,18.5845,0.0519067,0.0189724
