# T2K Run 1-9 (arXiv:2101.03779), analysis A, T2K + reactor constraint, IO.
# Delta chi^2 vs delta_CP as stored in Analysis_A.root (object A_1D_dchi2_dcp_wRC_<MO>).
# delta_cp_rad,dchi2
-3.14159,11.4578
-3.07876,10.6338
-3.01593,9.83482
-2.9531,9.06294
-2.89027,8.32007
-2.82743,7.60778
-2.7646,6.92726
-2.70177,6.27941
-2.63894,5.66481
-2.57611,5.08379
-2.51327,4.53644
-2.45044,4.02266
-2.38761,3.54217
-2.32478,3.09458
-2.26195,2.67939
-2.19911,2.29603
-2.13628,1.94392
-2.07345,1.62245
-2.01062,1.33104
-1.94779,1.06917
-1.88496,0.836384
-1.82212,0.632302
-1.75929,0.456655
-1.69646,0.309287
-1.63363,0.190166
-1.5708,0.0993866
-1.50796,0.0371743
-1.44513,0.00388559
-1.3823,0
-1.31947,0.0261161
-1.25664,0.082938
-1.19381,0.171267
-1.13097,0.291979
-1.06814,0.446015
-1.00531,0.634356
-0.942478,0.858001
-0.879646,1.11795
-0.816814,1.41516
-0.753982,1.75055
-0.69115,2.12495
-0.628319,2.53908
-0.565487,2.9935
-0.502655,3.48863
-0.439823,4.02467
-0.376991,4.6016
-0.314159,5.21914
-0.251327,5.87671
-0.188496,6.57343
-0.125664,7.30806
-0.0628319,8.07901
0,8.88387
0.0628319,9.72161
0.125664,10.588
0.188496,11.4803
0.251327,12.3948
0.314159,13.3275
0.376991,14.2739
0.439823,15.229
0.502655,16.1876
0.565487,17.144
0.628319,18.0924
0.69115,19.0264
0.753982,19.94
0.816814,20.8264
0.879646,21.6793
0.942478,22.4921
1.00531,23.2586
1.06814,23.9726
1.13097,24.6284
1.19381,25.2206
1.25664,25.7441
1.31947,26.1948
1.3823,26.5687
1.44513,26.863
1.50796,27.0752
1.5708,27.2039
1.63363,27.2482
1.69646,27.2082
1.75929,27.0847
1.82212,26.8793
1.88496,26.5943
1.94779,26.2326
2.01062,25.7979
2.07345,25.2944
2.13628,24.7267
2.19911,24.0999
2.26195,23.4195
2.32478,22.691
2.38761,21.9204
2.45044,21.1135
2.51327,20.2764
2.57611,19.4149
2.63894,18.535
2.70177,17.6423
2.7646,16.7422
2.82743,15.84
2.89027,14.9406
2.9531,14.0486
3.01593,13.1683
3.07876,12.3034
3.14159,11.4578
