# T2K Run 1-9 (arXiv:2101.03779), analysis A, T2K + reactor constraint, NO.
# Delta chi^2 vs delta_CP as stored in Analysis_A.root (object A_1D_dchi2_dcp_wRC_<MO>).
# delta_cp_rad,dchi2
-3.14159,5.30247
-3.07876,4.75341
-3.01593,4.23343
-2.9531,3.74384
-2.89027,3.28547
-2.82743,2.85889
-2.7646,2.46435
-2.70177,2.10187
-2.63894,1.77123
-2.57611,1.472
-2.51327,1.20357
-2.45044,0.965167
-2.38761,0.755892
-2.32478,0.57474
-2.26195,0.420632
-2.19911,0.292435
-2.13628,0.188992
-2.07345,0.109142
-2.01062,0.0517466
-1.94779,0.0157101
-1.88496,0
-1.82212,0.00366478
-1.75929,0.0258497
-1.69646,0.0658117
-1.63363,0.12293
-1.5708,0.196715
-1.50796,0.286815
-1.44513,0.393017
-1.3823,0.515251
-1.31947,0.653584
-1.25664,0.808214
-1.19381,0.979465
-1.13097,1.16777
-1.06814,1.37367
-1.00531,1.59777
-0.942478,1.84076
-0.879646,2.10335
-0.816814,2.38628
-0.753982,2.69028
-0.69115,3.01607
-0.628319,3.36428
-0.565487,3.73548
-0.502655,4.13012
-0.439823,4.54851
-0.376991,4.9908
-0.314159,5.45694
-0.251327,5.94665
-0.188496,6.45942
-0.125664,6.99444
-0.0628319,7.55063
0,8.12639
0.0628319,8.72038
0.125664,9.33015
0.188496,9.95334
0.251327,10.5871
0.314159,11.2282
0.376991,11.8732
0.439823,12.5181
0.502655,13.1588
0.565487,13.7909
0.628319,14.4097
0.69115,15.0105
0.753982,15.5883
0.816814,16.1384
0.879646,16.6559
0.942478,17.1362
1.00531,17.5746
1.06814,17.9671
1.13097,18.3097
1.19381,18.599
1.25664,18.832
1.31947,19.006
1.3823,19.1192
1.44513,19.17
1.50796,19.1578
1.5708,19.0824
1.63363,18.9441
1.69646,18.7439
1.75929,18.4837
1.82212,18.1655
1.88496,17.792
1.94779,17.3666
2.01062,16.8928
2.07345,16.3748
2.13628,15.8169
2.19911,15.2236
2.26195,14.5999
2.32478,13.9506
2.38761,13.2808
2.45044,12.5954
2.51327,11.8994
2.57611,11.1977
2.63894,10.4947
2.70177,9.79511
2.7646,9.10296
2.82743,8.42219
2.89027,7.75638
2.9531,7.10879
3.01593,6.48233
3.07876,5.87954
3.14159,5.30247
